<project name="jar" default="jar">
  <description>
  Provides the target for building a jar file of the example.
  </description>

  <import file="build.xml"/>
  <property name="tmp.dir" location="${basedir}/tmp" />
  <property name="tmp.lib.dir" location="${basedir}/tmp-lib" />
 
  
  <target name="jar" depends="compile">
    <delete dir="${tmp.dir}" quiet="yes"/>
    <mkdir dir="${tmp.dir}" />
    
    <!-- Copy the class files. -->
     <copy todir="${tmp.dir}">
       <fileset dir="${basedir}/build/classes/"/>
     </copy>
    
    <!-- Copy over the required libraries. --> 
     <unjar dest="${tmp.dir}">
       <fileset dir="${basedir}/ihale-api">
         <include name="*.jar" />
       </fileset>
     </unjar>

    <jar destfile="${basedir}/${system.name}.jar" basedir="${tmp.dir}">
       <manifest>
         <attribute name="Main-Class" value="${system.main.class}"/>
       </manifest>
     </jar>
      <delete dir="${tmp.dir}" />
  </target>     

  
</project>

